1,3,136,283
2,61,63,368
3,1,4,283
4,3,5,283,426
5,4,6,426
6,5,7,426
7,6,8,344,426
8,7,9,344
9,8,10,344,457
10,9,11,457,470
11,10,12,470
12,11,13,237,470
13,12,14,237
14,13,15,237,414
15,14,16,414
16,15,17,241,414
17,16,18,241
18,17,19,241,433
19,18,20,433
20,19,21,433,529
21,20,22,529
22,21,23,336,529
23,22,24,336
24,23,25,336
25,24,26,336,401
26,25,27,401
27,26,28,238,401
28,27,29,238
29,28,30,238,438
30,29,31,225,438
31,30,32,225
32,31,33,225,339
33,32,34,339,502
34,33,35,502
35,34,36,502,532
36,35,37,532
37,36,38,399,532
38,37,39,399
39,38,40,386,399
40,39,41,386
41,40,42,252,386
42,41,43,252,504
43,42,44,504
44,43,45,269,504
45,44,46,269
46,45,47,269,387
47,46,48,387
48,47,49,293,387
49,48,50,293
50,49,51,293,436
51,50,52,436
52,51,53,436,515
53,52,54,515
54,53,55,191,515
55,54,56,191,527
56,55,57,527
57,56,58,527,540
58,57,59,510,540
59,58,60,510
60,59,61,368,510
61,2,60,368
62,75,77,383
63,2,64,368,533
64,63,65,533
65,64,66,468,533
66,65,67,299,468
67,66,68,299
68,67,69,299,421
69,68,70,421
70,69,71,276,421
71,70,72,276
72,71,73,276,516
73,72,74,516
74,73,75,442,516
75,62,74,383,442
76,135,141,304
77,62,78,383
78,77,79,383
79,78,80,313,383
80,79,81,313
81,80,82,313,484
82,81,83,484
83,82,84,261,484,511
84,83,85,511
85,84,86,511,544
86,85,87,544
87,86,88,192,544
88,87,89,192
89,88,90,192,289
90,89,91,289
91,90,92,289,517
92,91,93,517
93,92,94,194,517
94,93,95,194,348
95,94,96,348
96,95,97,221,348
97,96,98,221
98,97,99,221
99,98,100,221,396
100,99,101,396,541
101,100,102,541
102,101,103,244,541
103,102,104,244
104,103,105,244,449
105,104,106,449
106,105,107,300,449,518
107,106,108,518
108,107,109,199,518
109,108,110,199
110,109,111,199,447
111,110,112,447
112,111,113,447,498
113,112,114,498
114,113,115,242,498
115,114,116,242
116,115,117,242,324
117,116,118,324,537
118,117,119,537
119,118,120,507,537
120,119,121,507
121,120,122,507,536
122,121,123,536
123,122,124,274,536
124,123,125,274
125,124,126,274,446
126,125,127,446
127,126,128,446
128,127,129,207,446
129,128,130,207
130,129,131,207,496
131,130,132,496
132,131,133,496
133,132,134,417,496
134,133,135,417
135,76,134,304,417
136,1,137,283,472
137,136,138,472
138,137,139,359,472
139,138,140,359
140,139,141,304,359
141,76,140,304
142,214,227,285,286,370,499
143,211,296,337,391,429,479,481
144,239,275,378,475,491
145,204,262,405,483,506
146,270,282,287,320,367,431,460
147,278,318,319,369,393,480
148,208,230,231,281,288,486
149,240,271,317,346,389,524
150,196,220,379,415,424,509
151,432,497,501,522,534
152,193,198,272,335,351,454,545
153,205,279,329,330,343,361
154,189,190,314,349,380,459,512
155,213,277,323,435,469,494
156,210,217,272,331,347,356,425
157,209,212,218,365,375,376
158,215,316,321,345,473,528,531
159,267,268,333,354,362,450,492
160,229,284,352,384,388,398,441
161,301,321,390,420,495,513,530
162,246,297,377,419,490,525
163,195,200,232,273,423,428,448
164,228,309,406,437,464,548
165,203,265,382,397,407,411
166,255,256,334,360,381,402
167,226,235,257,312,374,391
168,223,262,266,303,322,340
169,206,267,290,334,366,395
170,269,270,311,403,444,546
171,236,279,306,315,364,493
172,287,298,373,415,465
173,222,296,297,308,408,482,523
174,197,300,301,302,392,409
175,260,280,311,312,320,327
176,234,313,314,338,383,404,463
177,249,271,315,316,458,466,471
178,210,258,291,318,351,425
179,254,281,322,323,328,520
180,263,293,327,387,403,485,543
181,333,336,366,381,401,474
182,280,282,373,374,375,376
183,243,385,406,444,526
184,264,292,392,393,400,420
185,304,358,384,417,441,505
186,224,354,395,424,453,521
187,283,426,462,489,542
188,200,294,332,394,402,428
189,154,245,314,371,380,404,547
190,154,233,276,349,421,512,514
191,54,55,219,310,363,443,515,527
192,87,88,89,258,289,307,335,544
193,152,261,307,335,440,545
194,93,94,278,291,348,517,519
195,163,232,284,410,423,452
196,150,285,295,379,415,465
197,174,301,302,427,477,495
198,152,272,331,371,454,478,487
199,108,109,110,300,302,447,488,518
200,163,188,288,294,326,423,428
201,202,277,328,461,500,503,538
202,201,274,277,341,353,469,500
203,165,317,407,411,422,445
204,145,262,266,329,439,483
205,153,279,295,361,370,455
206,169,290,395,439,453,535
207,128,129,130,216,305,358,446,496
208,148,231,281,342,435,520
209,157,212,218,345,355,412,416
210,156,178,217,318,319,413,425
211,143,331,337,347,357,429,487
212,157,209,286,298,376,412
213,155,305,342,352,435,441,494,505
214,142,286,412,416,466,499,539
215,158,264,319,321,413,473,480,513
216,207,305,353,446,469,494
217,156,210,355,356,413,473
218,157,209,355,356,357,365
219,191,310,432,436,485,515,543
220,150,309,424,434,509,521
221,96,97,98,99,292,348,369,396
222,173,296,350,380,459,479,482
223,168,266,303,343,372,493
224,186,330,361,379,424,453
225,30,31,32,339,362,437,438
226,167,337,365,374,375,391
227,142,364,370,455,458,499
228,164,309,367,406,430,526
229,160,359,384,398,462,472
230,148,281,288,326,340,405
231,148,208,342,388,410,486
232,163,195,273,344,452,457,489
233,190,350,377,467,482,512,514
234,176,314,349,383,418,442
235,167,257,391,408,451,481
236,171,306,372,456,475,493
237,12,13,14,332,414,448,470
238,27,28,29,401,438,474
239,144,275,389,422,456,475
240,149,271,346,390,427,471
241,16,17,18,360,394,414,433
242,114,115,116,324,325,397,498
243,183,385,386,399,406,508
244,102,103,104,400,409,449,541
245,189,371,380,429,478,479
246,162,297,310,363,490,522,523
247,302,346,382,407,477,488
248,368,419,467,468,525,533
249,177,316,471,530,531
250,339,437,502,508,532,548
251,363,419,443,490,510,540
252,41,42,385,386,504,546
253,404,454,463,545,547
254,179,303,322,328,378,491
255,166,336,360,381,433,529
256,166,290,294,334,402,483,506
257,167,235,260,312,451,497,501
258,178,192,289,291,335,351,519
259,324,341,476,500,503,507,537
260,175,257,263,312,327,501,534
261,83,193,307,440,484,511
262,145,168,204,266,340,405
263,180,260,327,432,534,543
264,184,215,393,420,480,513
265,165,382,397,447,498
266,168,204,223,262,329,343
267,159,169,333,354,366,395
268,159,362,434,437,464,492
269,44,45,46,170,387,403,504,546
270,146,170,311,320,444,460
271,149,177,240,306,315,471,524
272,152,156,198,331,351,425
273,163,232,448,457,470
274,123,124,125,202,341,353,446,536
275,144,239,378,422,445,461,538
276,70,71,72,190,349,418,421,516
277,155,201,202,323,328,469
278,147,194,291,318,348,369
279,153,171,205,343,364,455,493
280,175,182,282,312,320,374
281,148,179,208,230,322,340,520
282,146,182,280,287,320,373
283,1,3,4,136,187,426,462,472
284,160,195,388,398,410,452,542
285,142,196,286,295,370,465
286,142,212,214,285,298,412,465
287,146,172,282,373,415,431
288,148,200,230,326,423,486
289,89,90,91,192,258,517,519
290,169,206,256,334,439,483
291,178,194,258,278,318,519
292,184,221,369,393,396,400,541
293,48,49,50,180,387,436,485
294,188,200,256,326,402,506
295,196,205,285,361,370,379
296,143,173,222,408,479,481
297,162,173,246,377,482,523
298,172,212,286,373,376,465
299,66,67,68,421,467,468,514
300,106,174,199,302,409,449,518
301,161,174,197,392,420,495
302,174,197,199,247,300,477,488
303,168,223,254,322,372,491
304,76,135,140,141,185,359,384,417
305,207,213,216,358,494,505
306,171,236,271,315,456,524
307,192,193,261,335,511,544
308,173,408,451,497,522,523
309,164,220,228,430,434,464,509
310,191,219,246,363,432,522
311,170,175,270,320,327,403
312,167,175,257,260,280,374
313,79,80,81,176,338,383,484
314,154,176,189,234,349,404
315,171,177,271,306,364,458
316,158,177,249,466,528,531,539
317,149,203,346,389,407,422
318,147,178,210,278,291,319
319,147,210,215,318,413,480
320,146,175,270,280,282,311
321,158,161,215,513,530,531
322,168,179,254,281,303,340
323,155,179,277,328,435,520
324,116,117,242,259,325,476,537
325,242,324,397,411,476
326,200,230,288,294,405,506
327,175,180,260,263,311,403
328,179,201,254,277,323,378,538
329,153,204,266,330,343,439,535
330,153,224,329,361,453,535
331,156,198,211,272,347,487
332,188,237,394,414,428,448
333,159,181,267,366,450,474
334,166,169,256,290,366,381
335,152,192,193,258,307,351
336,22,23,24,25,181,255,381,401,529
337,143,211,226,357,365,391
338,176,313,440,463,484
339,32,33,225,250,437,502
340,168,230,262,281,322,405
341,202,259,274,500,507,536
342,208,213,231,352,388,435
343,153,223,266,279,329,493
344,7,8,9,232,426,457,489
345,158,209,355,416,473,528
346,149,240,247,317,407,427,477
347,156,211,331,356,357
348,94,95,96,194,221,278,369
349,154,190,234,276,314,418
350,222,233,459,482,512
351,152,178,258,272,335,425
352,160,213,342,388,441
353,202,216,274,446,469
354,159,186,267,395,492,521
355,209,217,218,345,356,473
356,156,217,218,347,355,357
357,211,218,337,347,356,365
358,185,207,305,417,496,505
359,138,139,140,229,304,384,472
360,166,241,255,394,402,433
361,153,205,224,295,330,379
362,159,225,268,437,438,450
363,191,246,251,310,443,490
364,171,227,279,315,455,458
365,157,218,226,337,357,375
366,169,181,267,333,334,381
367,146,228,430,431,460,526
368,2,60,61,63,248,419,510,533
369,147,221,278,292,348,393
370,142,205,227,285,295,455
371,189,198,245,454,478,547
372,223,236,303,475,491,493
373,172,182,282,287,298,376
374,167,182,226,280,312,375
375,157,182,226,365,374,376
376,157,182,212,298,373,375
377,162,233,297,467,482,525
378,144,254,275,328,491,538
379,150,196,224,295,361,424
380,154,189,222,245,459,479
381,166,181,255,334,336,366
382,165,247,265,407,447,488
383,62,75,77,78,79,176,234,313,442
384,160,185,229,304,359,441
385,183,243,252,386,444,546
386,39,40,41,243,252,385,399
387,46,47,48,180,269,293,403
388,160,231,284,342,352,410
389,149,239,317,422,456,524
390,161,240,427,471,495,530
391,143,167,226,235,337,481
392,174,184,301,400,409,420
393,147,184,264,292,369,480
394,188,241,332,360,402,414
395,169,186,206,267,354,453
396,99,100,221,292,541
397,165,242,265,325,411,498
398,160,229,284,462,542
399,37,38,39,243,386,508,532
400,184,244,292,392,409,541
401,25,26,27,181,238,336,474
402,166,188,256,294,360,394
403,170,180,269,311,327,387
404,176,189,253,314,463,547
405,145,230,262,326,340,506
406,164,183,228,243,508,526,548
407,165,203,247,317,346,382
408,173,235,296,308,451,481
409,174,244,300,392,400,449
410,195,231,284,388,423,486
411,165,203,325,397,445,476
412,209,212,214,286,416
413,210,215,217,319,473
414,14,15,16,237,241,332,394
415,150,172,196,287,430,431,465,509
416,209,214,345,412,528,539
417,133,134,135,185,304,358,496
418,234,276,349,442,516
419,162,248,251,368,490,510,525
420,161,184,264,301,392,513
421,68,69,70,190,276,299,514
422,203,239,275,317,389,445
423,163,195,200,288,410,486
424,150,186,220,224,379,521
425,156,178,210,272,351
426,4,5,6,7,187,283,344,489
427,197,240,346,390,477,495
428,163,188,200,332,448
429,143,211,245,478,479,487
430,228,309,367,415,431,509
431,146,287,367,415,430
432,151,219,263,310,522,534,543
433,18,19,20,241,255,360,529
434,220,268,309,464,492,521
435,155,208,213,323,342,520
436,50,51,52,219,293,485,515
437,164,225,250,268,339,362,464,548
438,29,30,225,238,362,450,474
439,204,206,290,329,483,535
440,193,261,338,463,484,545
441,160,185,213,352,384,505
442,74,75,234,383,418,516
443,191,251,363,527,540
444,170,183,270,385,460,526,546
445,203,275,411,422,461,476,503
446,125,126,127,128,207,216,274,353
447,110,111,112,199,265,382,488,498
448,163,237,273,332,428,470
449,104,105,106,244,300,409
450,159,333,362,438,474
451,235,257,308,408,497
452,195,232,284,489,542
453,186,206,224,330,395,535
454,152,198,253,371,545,547
455,205,227,279,364,370
456,236,239,306,389,475,524
457,9,10,232,273,344,470
458,177,227,315,364,466,499
459,154,222,350,380,512
460,146,270,367,444,526
461,201,275,445,503,538
462,187,229,283,398,472,542
463,176,253,338,404,440,545
464,164,268,309,434,437
465,172,196,285,286,298,415
466,177,214,316,458,499,539
467,233,248,299,377,468,514,525
468,65,66,248,299,467,533
469,155,202,216,277,353,494
470,10,11,12,237,273,448,457
471,177,240,249,271,390,530
472,136,137,138,229,283,359,462
473,158,215,217,345,355,413
474,181,238,333,401,438,450
475,144,236,239,372,456,491
476,259,324,325,411,445,503
477,197,247,302,346,427
478,198,245,371,429,487
479,143,222,245,296,380,429
480,147,215,264,319,393
481,143,235,296,391,408
482,173,222,233,297,350,377
483,145,204,256,290,439,506
484,81,82,83,261,313,338,440
485,180,219,293,436,543
486,148,231,288,410,423
487,198,211,331,429,478
488,199,247,302,382,447
489,187,232,344,426,452,542
490,162,246,251,363,419
491,144,254,303,372,378,475
492,159,268,354,434,521
493,171,223,236,279,343,372
494,155,213,216,305,469
495,161,197,301,390,427
496,130,131,132,133,207,358,417
497,151,257,308,451,501,522
498,112,113,114,242,265,397,447
499,142,214,227,458,466
500,201,202,259,341,503
501,151,257,260,497,534
502,33,34,35,250,339,532
503,201,259,445,461,476,500
504,42,43,44,252,269,546
505,185,213,305,358,441
506,145,256,294,326,405,483
507,119,120,121,259,341,536,537
508,243,250,399,406,532,548
509,150,220,309,415,430
510,58,59,60,251,368,419,540
511,83,84,85,261,307,544
512,154,190,233,350,459
513,161,215,264,321,420
514,190,233,299,421,467
515,52,53,54,191,219,436
516,72,73,74,276,418,442
517,91,92,93,194,289,519
518,106,107,108,199,300
519,194,258,289,291,517
520,179,208,281,323,435
521,186,220,354,424,434,492
522,151,246,308,310,432,497,523
523,173,246,297,308,522
524,149,271,306,389,456
525,162,248,377,419,467
526,183,228,367,406,444,460
527,55,56,57,191,443,540
528,158,316,345,416,539
529,20,21,22,255,336,433
530,161,249,321,390,471,531
531,158,249,316,321,530
532,35,36,37,250,399,502,508
533,63,64,65,248,368,468
534,151,260,263,432,501
535,206,329,330,439,453
536,121,122,123,274,341,507
537,117,118,119,259,324,507
538,201,275,328,378,461
539,214,316,416,466,528
540,57,58,251,443,510,527
541,100,101,102,244,292,396,400
542,187,284,398,452,462,489
543,180,219,263,432,485
544,85,86,87,192,307,511
545,152,193,253,440,454,463
546,170,252,269,385,444,504
547,189,253,371,404,454
548,164,250,406,437,508
